uid,color
06007,green
06015,green
06021,green
06023,green
06035,green
06045,green
06049,green
06057,green
06061,green
06063,green
06089,green
06091,green
06093,green
06103,green
06105,green
06115,green
08003,green
08007,green
08021,green
08023,green
08029,green
08033,green
08051,green
08053,green
08067,green
08077,green
08079,green
08083,green
08085,green
08091,green
08105,green
08109,green
08111,green
08113,green
16001,green
16027,green
16031,green
16039,green
16045,green
16047,green
16053,green
16063,green
16073,green
16075,green
16083,green
22023,green
32001,green
32005,green
32007,green
32011,green
32013,green
32015,green
32019,green
32027,green
32029,green
32031,green
32033,green
32510,green
35007,green
35009,green
35019,green
35021,green
35028,green
35033,green
35037,green
35039,green
35043,green
35045,green
35047,green
35049,green
35055,green
35059,green
41001,green
41003,green
41005,green
41007,green
41009,green
41011,green
41013,green
41015,green
41017,green
41019,green
41021,green
41023,green
41025,green
41027,green
41029,green
41031,green
41033,green
41035,green
41037,green
41039,green
41041,green
41043,green
41045,green
41047,green
41049,green
41051,green
41053,green
41055,green
41057,green
41065,green
41067,green
41069,green
41071,green
48009,green
48011,green
48017,green
48023,green
48035,green
48041,green
48045,green
48059,green
48069,green
48071,green
48075,green
48093,green
48099,green
48101,green
48107,green
48117,green
48125,green
48129,green
48133,green
48139,green
48143,green
48145,green
48151,green
48153,green
48155,green
48161,green
48169,green
48185,green
48189,green
48191,green
48193,green
48197,green
48199,green
48205,green
48207,green
48217,green
48221,green
48225,green
48237,green
48245,green
48251,green
48253,green
48263,green
48269,green
48275,green
48279,green
48289,green
48291,green
48293,green
48303,green
48309,green
48313,green
48339,green
48345,green
48349,green
48359,green
48361,green
48363,green
48367,green
48369,green
48373,green
48375,green
48381,green
48395,green
48407,green
48417,green
48425,green
48429,green
48433,green
48437,green
48447,green
48455,green
48457,green
48471,green
48503,green
49001,green
49003,green
49007,green
49011,green
49013,green
49015,green
49017,green
49019,green
49021,green
49023,green
49025,green
49027,green
49029,green
49031,green
49035,green
49037,green
49039,green
49041,green
49043,green
49045,green
49047,green
49049,green
49051,green
49055,green
49057,green
53011,green
53015,green
53027,green
53039,green
53041,green
53045,green
53049,green
53059,green
53067,green
53069,green
01129,blue
19159,blue
39109,blue
19155,blue
39105,blue
19157,blue
39107,blue
19151,blue
39101,blue
19153,blue
39103,blue
13029,blue
21101,blue
21103,blue
21105,blue
21107,blue
21109,blue
47081,blue
26157,blue
26155,blue
12019,blue
26151,blue
12015,blue
12017,blue
12011,blue
12013,blue
55109,blue
17031,blue
17033,blue
17035,blue
05139,blue
05137,blue
05135,blue
05133,blue
05131,blue
26023,blue
05003,blue
26021,blue
05001,blue
26027,blue
05007,blue
26025,blue
05005,blue
12121,blue
12123,blue
05009,blue
12125,blue
12127,blue
01025,blue
01027,blue
01021,blue
01023,blue
01029,blue
01111,blue
01113,blue
01115,blue
01117,blue
01119,blue
13059,blue
13053,blue
13051,blue
13057,blue
13055,blue
01045,blue
18149,blue
18141,blue
18143,blue
18145,blue
18147,blue
29109,blue
05093,blue
29101,blue
29103,blue
29105,blue
29107,blue
55111,blue
55113,blue
55115,blue
55117,blue
55119,blue
47035,blue
47037,blue
47031,blue
47033,blue
47039,blue
55029,blue
19149,blue
39171,blue
19147,blue
39173,blue
19145,blue
39175,blue
19143,blue
55023,blue
19141,blue
39009,blue
21113,blue
21111,blue
21117,blue
21115,blue
21119,blue
26141,blue
26143,blue
26145,blue
12009,blue
26149,blue
12005,blue
12003,blue
12001,blue
05109,blue
05103,blue
05101,blue
05107,blue
05105,blue
13289,blue
13287,blue
13285,blue
13283,blue
13281,blue
26039,blue
05039,blue
05037,blue
12133,blue
05035,blue
26037,blue
05033,blue
26031,blue
05031,blue
26033,blue
01051,blue
01053,blue
01055,blue
01057,blue
01059,blue
13199,blue
13193,blue
13191,blue
13197,blue
13195,blue
47175,blue
13067,blue
13065,blue
13063,blue
55011,blue
13061,blue
47177,blue
47069,blue
13069,blue
13265,blue
13267,blue
13261,blue
13263,blue
13269,blue
26153,blue
18159,blue
26159,blue
18153,blue
18151,blue
18157,blue
18155,blue
29119,blue
29113,blue
29111,blue
29117,blue
29115,blue
55063,blue
55065,blue
55103,blue
18007,blue
55101,blue
55107,blue
55105,blue
55069,blue
47025,blue
47023,blue
47021,blue
47029,blue
29199,blue
17037,blue
19179,blue
39169,blue
17039,blue
19173,blue
39163,blue
19171,blue
39161,blue
19177,blue
39167,blue
19175,blue
39165,blue
39017,blue
39015,blue
39011,blue
21129,blue
21127,blue
21125,blue
21123,blue
21121,blue
12039,blue
12033,blue
12031,blue
12037,blue
12035,blue
13299,blue
13291,blue
13293,blue
13295,blue
13297,blue
12107,blue
12105,blue
12103,blue
12101,blue
12109,blue
26049,blue
05029,blue
26041,blue
05021,blue
26043,blue
05023,blue
26045,blue
05025,blue
26047,blue
05027,blue
13185,blue
13187,blue
13181,blue
13183,blue
01049,blue
13189,blue
12129,blue
05115,blue
05117,blue
05111,blue
05113,blue
05119,blue
26029,blue
13071,blue
13073,blue
13075,blue
13077,blue
13079,blue
13277,blue
13275,blue
13273,blue
13271,blue
13279,blue
18099,blue
18093,blue
18091,blue
18097,blue
18095,blue
18167,blue
28021,blue
18165,blue
18163,blue
18161,blue
28023,blue
18169,blue
19037,blue
28025,blue
29127,blue
29125,blue
29123,blue
28027,blue
29121,blue
29129,blue
55139,blue
55137,blue
55135,blue
55133,blue
55131,blue
47013,blue
47011,blue
47017,blue
47015,blue
47019,blue
39157,blue
19165,blue
39155,blue
19167,blue
19161,blue
39151,blue
19163,blue
19169,blue
55009,blue
55003,blue
55007,blue
55005,blue
39021,blue
39027,blue
39025,blue
21139,blue
21131,blue
21133,blue
21135,blue
21137,blue
12027,blue
12021,blue
12023,blue
19087,blue
12029,blue
12111,blue
12113,blue
12115,blue
12117,blue
12119,blue
26059,blue
17199,blue
17197,blue
26053,blue
17195,blue
26051,blue
17193,blue
26057,blue
17191,blue
26055,blue
17175,blue
17177,blue
17171,blue
17173,blue
01077,blue
01075,blue
17179,blue
01071,blue
13089,blue
13085,blue
13087,blue
13081,blue
13083,blue
26147,blue
13243,blue
13241,blue
13247,blue
13245,blue
13249,blue
01095,blue
01097,blue
01091,blue
01093,blue
01099,blue
18171,blue
18173,blue
18175,blue
18177,blue
18179,blue
29131,blue
29133,blue
29135,blue
29137,blue
29139,blue
18085,blue
18087,blue
18081,blue
18083,blue
18089,blue
55129,blue
55121,blue
55123,blue
55125,blue
55127,blue
28087,blue
28085,blue
28083,blue
28081,blue
28089,blue
47009,blue
47005,blue
47007,blue
47001,blue
47003,blue
19111,blue
39141,blue
19113,blue
39143,blue
19115,blue
39145,blue
19117,blue
19119,blue
39153,blue
19029,blue
39039,blue
19025,blue
19021,blue
19023,blue
12051,blue
12053,blue
12055,blue
39159,blue
12057,blue
12059,blue
21097,blue
21095,blue
21093,blue
21091,blue
55001,blue
21099,blue
26067,blue
05099,blue
26065,blue
26063,blue
26061,blue
26069,blue
17189,blue
17181,blue
17183,blue
17185,blue
17187,blue
01069,blue
17165,blue
17163,blue
17161,blue
01061,blue
01063,blue
01065,blue
01067,blue
13099,blue
13097,blue
13095,blue
13093,blue
13091,blue
13259,blue
13255,blue
13257,blue
13251,blue
13253,blue
01087,blue
01085,blue
01083,blue
01081,blue
01089,blue
05149,blue
18181,blue
18183,blue
05147,blue
55037,blue
39023,blue
28091,blue
28093,blue
28095,blue
28097,blue
28099,blue
47079,blue
47071,blue
47073,blue
47075,blue
39029,blue
47077,blue
55061,blue
19103,blue
19101,blue
19107,blue
55067,blue
19105,blue
19109,blue
55031,blue
47105,blue
47107,blue
47101,blue
47103,blue
47109,blue
29067,blue
39049,blue
19039,blue
39041,blue
39043,blue
19035,blue
39045,blue
19033,blue
39047,blue
19031,blue
12043,blue
12041,blue
12047,blue
12045,blue
12049,blue
01009,blue
13149,blue
29069,blue
21081,blue
21083,blue
21085,blue
21087,blue
21089,blue
26071,blue
26073,blue
26075,blue
26077,blue
26079,blue
47047,blue
17153,blue
17151,blue
17157,blue
17155,blue
05091,blue
17159,blue
05095,blue
05097,blue
13319,blue
13315,blue
13317,blue
13311,blue
13313,blue
17081,blue
17083,blue
17085,blue
17087,blue
17089,blue
05145,blue
05143,blue
05141,blue
13229,blue
13221,blue
13223,blue
13225,blue
13227,blue
55091,blue
55059,blue
13135,blue
13137,blue
13131,blue
13133,blue
55051,blue
13139,blue
55053,blue
05049,blue
05047,blue
55027,blue
28069,blue
28065,blue
28067,blue
28061,blue
28063,blue
47063,blue
47061,blue
47065,blue
55071,blue
55077,blue
19139,blue
55075,blue
19137,blue
19135,blue
55079,blue
19133,blue
19131,blue
47117,blue
47115,blue
47113,blue
13035,blue
47119,blue
28115,blue
19009,blue
39059,blue
28111,blue
28113,blue
19003,blue
39053,blue
19001,blue
39051,blue
19007,blue
39057,blue
19005,blue
39055,blue
12079,blue
12077,blue
12075,blue
12073,blue
12071,blue
21079,blue
21075,blue
21077,blue
21071,blue
21073,blue
26089,blue
26085,blue
26087,blue
26081,blue
26083,blue
21219,blue
05089,blue
17149,blue
21211,blue
05083,blue
21213,blue
05081,blue
21215,blue
05087,blue
21217,blue
05085,blue
21189,blue
13309,blue
21181,blue
13307,blue
21183,blue
13305,blue
21185,blue
13303,blue
21187,blue
13301,blue
12095,blue
17093,blue
12097,blue
17091,blue
12091,blue
17097,blue
12093,blue
17095,blue
17099,blue
12099,blue
55025,blue
55021,blue
13239,blue
13233,blue
13231,blue
13237,blue
13235,blue
01079,blue
29099,blue
29097,blue
29095,blue
29093,blue
29091,blue
13127,blue
13125,blue
13123,blue
13121,blue
13129,blue
18035,blue
18037,blue
18031,blue
18033,blue
18039,blue
29075,blue
29077,blue
29071,blue
29073,blue
28079,blue
28077,blue
28075,blue
29079,blue
28073,blue
28071,blue
47057,blue
47055,blue
47053,blue
47051,blue
47059,blue
19129,blue
55047,blue
19121,blue
55045,blue
19123,blue
55043,blue
19125,blue
19127,blue
47123,blue
47121,blue
47127,blue
47125,blue
47129,blue
39067,blue
19015,blue
39065,blue
19017,blue
39063,blue
19011,blue
39061,blue
19013,blue
19019,blue
39069,blue
28107,blue
28105,blue
28103,blue
28101,blue
39001,blue
28109,blue
39003,blue
12069,blue
01043,blue
12061,blue
12063,blue
12065,blue
12067,blue
29211,blue
29213,blue
29215,blue
29217,blue
21069,blue
21067,blue
21065,blue
21063,blue
21061,blue
26099,blue
26097,blue
26095,blue
26093,blue
26091,blue
17139,blue
21209,blue
17131,blue
21203,blue
17133,blue
21201,blue
17135,blue
21207,blue
17137,blue
21205,blue
21199,blue
21193,blue
21191,blue
21197,blue
21195,blue
12086,blue
12087,blue
12085,blue
12083,blue
12081,blue
12089,blue
17045,blue
17047,blue
17041,blue
17043,blue
17049,blue
13207,blue
13205,blue
13201,blue
13209,blue
29089,blue
13037,blue
29081,blue
29083,blue
29085,blue
29087,blue
13113,blue
13111,blue
13117,blue
13115,blue
12007,blue
13119,blue
47067,blue
55073,blue
18027,blue
18025,blue
18023,blue
18021,blue
18029,blue
28049,blue
29065,blue
29063,blue
29061,blue
28043,blue
28041,blue
28047,blue
28045,blue
47041,blue
47043,blue
47045,blue
47049,blue
01073,blue
55055,blue
55057,blue
47139,blue
47135,blue
47137,blue
47131,blue
47133,blue
19061,blue
39071,blue
19063,blue
39073,blue
19065,blue
39075,blue
19067,blue
39077,blue
19069,blue
39079,blue
28133,blue
28131,blue
28137,blue
28135,blue
28139,blue
55017,blue
19095,blue
19097,blue
26035,blue
21059,blue
21053,blue
21051,blue
21057,blue
21055,blue
21237,blue
21235,blue
21233,blue
21231,blue
47111,blue
21239,blue
17129,blue
13321,blue
17123,blue
17121,blue
17127,blue
17125,blue
26135,blue
26137,blue
26131,blue
26133,blue
26139,blue
17057,blue
17055,blue
17053,blue
17051,blue
17059,blue
13211,blue
12131,blue
13215,blue
13217,blue
13219,blue
01041,blue
01047,blue
28117,blue
13109,blue
13105,blue
13107,blue
13101,blue
13103,blue
29183,blue
29185,blue
29187,blue
29186,blue
28119,blue
18013,blue
18011,blue
18017,blue
18015,blue
18019,blue
28055,blue
28057,blue
28051,blue
28053,blue
28059,blue
29053,blue
29051,blue
29057,blue
29055,blue
29059,blue
13213,blue
55083,blue
55081,blue
55087,blue
55085,blue
55089,blue
47149,blue
47141,blue
47143,blue
47145,blue
47147,blue
19073,blue
19071,blue
39089,blue
19077,blue
19075,blue
39085,blue
39087,blue
19079,blue
39081,blue
39083,blue
28129,blue
28125,blue
28127,blue
28121,blue
28123,blue
21045,blue
21047,blue
21041,blue
21043,blue
17203,blue
17201,blue
21049,blue
39033,blue
17117,blue
21221,blue
17115,blue
21223,blue
05059,blue
21225,blue
17111,blue
21227,blue
05055,blue
21229,blue
05057,blue
05051,blue
05053,blue
26127,blue
26125,blue
26123,blue
26121,blue
26129,blue
17063,blue
17061,blue
17067,blue
17065,blue
17069,blue
13179,blue
13171,blue
13173,blue
13175,blue
13177,blue
29197,blue
29195,blue
13005,blue
13007,blue
13001,blue
13003,blue
19183,blue
13009,blue
19181,blue
19187,blue
18009,blue
18005,blue
19185,blue
18001,blue
18003,blue
28029,blue
29049,blue
29045,blue
29047,blue
29041,blue
29510,blue
29043,blue
55099,blue
55015,blue
19191,blue
55095,blue
19193,blue
55097,blue
19195,blue
19197,blue
55093,blue
47159,blue
47153,blue
47151,blue
47157,blue
47155,blue
29181,blue
19049,blue
39099,blue
19047,blue
39097,blue
19045,blue
39095,blue
19043,blue
39093,blue
19041,blue
39091,blue
28159,blue
39149,blue
28151,blue
28153,blue
28155,blue
28157,blue
55019,blue
29189,blue
05129,blue
39147,blue
21031,blue
21033,blue
21035,blue
21037,blue
21039,blue
39111,blue
05123,blue
17101,blue
17103,blue
17105,blue
17107,blue
17109,blue
05045,blue
05043,blue
05041,blue
21149,blue
17145,blue
21145,blue
21147,blue
21141,blue
21143,blue
17147,blue
17141,blue
26113,blue
26111,blue
26117,blue
26115,blue
26119,blue
17143,blue
17079,blue
17075,blue
17077,blue
17071,blue
17073,blue
29219,blue
13169,blue
13163,blue
13161,blue
13167,blue
13165,blue
13017,blue
13015,blue
13013,blue
13011,blue
13019,blue
18079,blue
18071,blue
18073,blue
18075,blue
18077,blue
28033,blue
28031,blue
28037,blue
28035,blue
28039,blue
29039,blue
29031,blue
29033,blue
29035,blue
29037,blue
47099,blue
47093,blue
47091,blue
47097,blue
47095,blue
18105,blue
18107,blue
18101,blue
18103,blue
39035,blue
18109,blue
19027,blue
39037,blue
39031,blue
29145,blue
29147,blue
29141,blue
29143,blue
29149,blue
47167,blue
47165,blue
19189,blue
47163,blue
47161,blue
47169,blue
19059,blue
55039,blue
19051,blue
19053,blue
19055,blue
19057,blue
28149,blue
28143,blue
28141,blue
28147,blue
28145,blue
39135,blue
39137,blue
39131,blue
39133,blue
39139,blue
21023,blue
21021,blue
21027,blue
21025,blue
21029,blue
05079,blue
05073,blue
05071,blue
05077,blue
05075,blue
21159,blue
21157,blue
21155,blue
21153,blue
21151,blue
26109,blue
26105,blue
26107,blue
26101,blue
26103,blue
17009,blue
17001,blue
17003,blue
17005,blue
17007,blue
29203,blue
29201,blue
29207,blue
29205,blue
29209,blue
13157,blue
13155,blue
01019,blue
13151,blue
01015,blue
01017,blue
01011,blue
01013,blue
13023,blue
13021,blue
13027,blue
13025,blue
01121,blue
01123,blue
39005,blue
01125,blue
55013,blue
01127,blue
18069,blue
18063,blue
18061,blue
18067,blue
18065,blue
28009,blue
28007,blue
28005,blue
28003,blue
28001,blue
29029,blue
39007,blue
29023,blue
29021,blue
29027,blue
29025,blue
18117,blue
18115,blue
18113,blue
18111,blue
18119,blue
29157,blue
29155,blue
29153,blue
29151,blue
29159,blue
47171,blue
47173,blue
39129,blue
47179,blue
55049,blue
47027,blue
47085,blue
47087,blue
47083,blue
47089,blue
55141,blue
19083,blue
19081,blue
19085,blue
19089,blue
39127,blue
39125,blue
39123,blue
39121,blue
21019,blue
21017,blue
21015,blue
21013,blue
21011,blue
21169,blue
21163,blue
21161,blue
21167,blue
21165,blue
17019,blue
17013,blue
17011,blue
17017,blue
17015,blue
55035,blue
17167,blue
55033,blue
26005,blue
05065,blue
26007,blue
05067,blue
26001,blue
05061,blue
26003,blue
05063,blue
26009,blue
05069,blue
13141,blue
13143,blue
13145,blue
13147,blue
17113,blue
01007,blue
01005,blue
01003,blue
01001,blue
17169,blue
13039,blue
01133,blue
01131,blue
13031,blue
13033,blue
18057,blue
18055,blue
18053,blue
18051,blue
18059,blue
29017,blue
28019,blue
29015,blue
29013,blue
29011,blue
28011,blue
28013,blue
28015,blue
29019,blue
28017,blue
18123,blue
18121,blue
18127,blue
18125,blue
18129,blue
55041,blue
29163,blue
29161,blue
29167,blue
29165,blue
29169,blue
47189,blue
47185,blue
47187,blue
47181,blue
47183,blue
28161,blue
28163,blue
39013,blue
19099,blue
19091,blue
19093,blue
39113,blue
39117,blue
39115,blue
39119,blue
39019,blue
21009,blue
21001,blue
21003,blue
21005,blue
21007,blue
21175,blue
21177,blue
21171,blue
21173,blue
21179,blue
13153,blue
26163,blue
26161,blue
26165,blue
17027,blue
17025,blue
17023,blue
17021,blue
05125,blue
05127,blue
05121,blue
17029,blue
13159,blue
05011,blue
26017,blue
05013,blue
26015,blue
05015,blue
26013,blue
05017,blue
26011,blue
05019,blue
26019,blue
29229,blue
29221,blue
29223,blue
29225,blue
29227,blue
01039,blue
01033,blue
01031,blue
01037,blue
01035,blue
01107,blue
01105,blue
01103,blue
01101,blue
01109,blue
13049,blue
13043,blue
13045,blue
13047,blue
18041,blue
18043,blue
18045,blue
18047,blue
18049,blue
55078,blue
29001,blue
29003,blue
29005,blue
29007,blue
29009,blue
18139,blue
18135,blue
18137,blue
18131,blue
18133,blue
29179,blue
29175,blue
29177,blue
29171,blue
29173,blue
17119,blue